filename,kept_pages
2007_Tshibubudze_THE MARKOYE FAULT_2007.pdf,49
2008_MATABANE_FE3.pdf,39
2009_Bontle Nkuna_0605886P_Honours Report.pdf,45
2010_Matsheka_Irvin Final Thesis.pdf,28
2010_Mohale_GIS interpretation of NE Burkina Faso.pdf,41
2011_Peters_East Markoye_2011.pdf,50
2011_Woolfe_The stratigraphy and metamorphic facies of the KEMB.pdf,50
"2012_Simoko_Petrology, geochemistry and structure of the Pissila batholith and the Saaba Zone gneiss.pdf",32
2013_FUNYUFUNYU.pdf,71
2013_Peters.pdf,77
2013_Ramabulana_Sadiola Hill petrology.pdf,34
2014_MSc_YOSSI.pdf,38
2015_LeBrun_Siguiri.pdf,191
2015_Masurel_phd.pdf,227
